username,gender,age,city,country,product name,product details,product category,product sub category,price,stock available,delivery time
fwashington,unisex,38,Jamesborough,Armenia,Lot,Force industry improve believe. Choose ball model responsibility live.,Conference,Across,95038,682,5 days
harrellmelissa,unisex,39,Robertstad,Indonesia,Thing,Security investment bill subject. Guy entire however return.,Throw,Lawyer,56957,18,10 days
uchoi,unisex,66,Port Karina,Trinidad and Tobago,Against,She arm hope system peace however. Rise treatment realize woman player seat industry moment.,Idea,Best,6857,613,4 days
kennethpeterson,male,26,East Todd,Tajikistan,Type,Improve popular participant break. Foreign stage election morning for.,Call,Force,70102,195,12 days
jleblanc,unisex,65,Tannerborough,United Kingdom,Through,Art end any there force both. Even thus growth. Record knowledge deal behind last.,Street,But,28830,527,11 days
holtsherry,unisex,44,Davidburgh,Turkey,No,Which note couple son school opportunity. Environment former article nearly deep pretty.,Experience,Because,48697,470,14 days
weavermichael,female,54,Juarezbury,Puerto Rico,Reduce,According lose tonight shake general. Cause heart resource approach discover.,Newspaper,Themselves,32547,462,9 days
richard71,female,67,New Kimberly,Poland,Trade,Hope activity arrive door cup cover them. Be land tend month magazine quite.,Full,Artist,12487,953,4 days
villarrealblake,female,57,Lake Gabriel,French Polynesia,Certain,Machine discussion far money technology room. Mother result talk tend business read voice.,Decade,Them,49267,5,6 days
richard19,unisex,70,New Melissaton,Nicaragua,National,"Down recognize memory.
Prepare live with every. City heavy fly animal watch notice more film.",Not,Reduce,99996,75,6 days
rodriguezmelinda,female,20,Lake Cristian,Reunion,Itself,Maintain can never consumer hundred town. Sea world including mean. Politics else form later order.,Born,Both,41727,494,11 days
bradywilliam,unisex,28,Royfurt,Senegal,Available,Fact century history second baby. Thousand mention finally rather speech.,Television,Whether,33878,291,14 days
mariah28,female,36,North Cassandra,Italy,Drive,Husband training particular minute measure food discussion simple. Though offer bill see scientist.,Director,Production,54098,663,8 days
hruiz,male,31,West Gregory,Mauritania,Run,Computer vote wish such worker memory. Show discussion under question.,Rather,More,94490,928,4 days
aliciakrause,female,60,South Christopherton,Norfolk Island,Candidate,Here green role can cup ten. Major under address lawyer. Certainly indicate turn time.,Type,Interview,96444,955,1 days
andrea76,female,22,Thompsonchester,Benin,Offer,Visit fear particularly treatment watch. Him music usually though agreement social thus.,Field,Sound,82573,603,13 days
lnewton,female,33,Rachaelhaven,Saint Helena,Ready,Statement culture production. Carry poor let spend.,Write,Total,67986,717,3 days
danielleward,male,37,West Shawnville,Czech Republic,Radio,"All serve somebody degree choose. Spring where chance sound. Page them really drop.
Plan see learn.",Since,Long,6330,53,13 days
madisonblackwell,male,67,South Troyhaven,Austria,Big,Special growth very section. Face drop apply national level pretty while.,Economy,Ball,51097,992,3 days
ajones,female,50,Lake Destiny,Samoa,Set,Hotel people choice music positive remain. Clearly real thousand group.,Write,Nearly,9051,26,13 days
jensenmark,female,50,Lake Amandahaven,Mayotte,Us,School take score cup husband.,Significant,Between,21161,240,14 days
jonesbobby,female,22,Joneschester,Bulgaria,Require,Day theory really consider member. Western fall west always such response.,Purpose,While,64081,673,8 days
thomaslynn,unisex,47,Hammondchester,Papua New Guinea,Form,Policy fast enjoy several arm along. Statement goal manager. Hold easy month program green.,Necessary,Million,10402,937,7 days
michael08,female,39,Port William,Kenya,Past,Minute happen might. Here subject teach yeah quickly.,White,Energy,779,898,8 days
lovechristian,unisex,39,Vanessachester,Gabon,Street,Learn upon member cost toward. Though hear along down similar world much.,Those,Federal,73975,896,5 days
murraypamela,female,44,Tabithahaven,Burkina Faso,Than,Region because ball company appear chair late.,Customer,Tax,20625,696,4 days
zdickerson,unisex,42,West Amandahaven,Turkmenistan,Account,That tree never. Task American stage. Onto there newspaper community large.,Soon,Morning,75320,824,9 days
duffyapril,female,45,South Bradymouth,Pitcairn Islands,By,Development discussion others.,Something,Share,86635,294,6 days
swarren,male,40,North Vanessaport,Cape Verde,There,Eat consider join will leave actually research miss. Walk before fact beyond whether high.,Imagine,Sound,5637,756,8 days
heidi28,unisex,71,Johnmouth,Saint Martin,Operation,Outside film meeting. Seek your kitchen security write mission art.,Design,Maybe,4745,476,5 days
stanleykimberly,female,21,Bennettburgh,Tokelau,Here,Seven tree court nation. Art ahead line than. Form animal why production whatever quality.,Think,Season,64112,748,1 days
tschroeder,unisex,61,Julieborough,Montserrat,Condition,Tree western turn side. Remember find become find. Next smile realize culture lead.,Relationship,North,18448,419,14 days
alexander49,male,72,South John,Poland,Else,Center describe also. Person would then learn cold conference.,Author,Official,40548,916,14 days
shernandez,male,24,West Juanport,Netherlands,House,Name require until game between attorney. Collection wrong may.,Head,Final,15327,346,14 days
charlespage,unisex,55,Raymondmouth,Guatemala,Author,Late watch site. Over beat out woman wear. Throw join always guess and.,Mind,Chair,87498,431,14 days
spencersara,male,43,South Emilyburgh,Egypt,Once,Team become world act red. Night voice debate none.,Any,Ask,14789,797,6 days
nwilliams,male,24,Holmeschester,Nepal,Newspaper,Create rule paper summer. Develop point onto pay lot.,Responsibility,Ten,15416,837,7 days
alejandra87,male,60,Port David,Syrian Arab Republic,Particularly,He under weight around community admit. Relate difference picture.,Population,Like,84561,587,2 days
kevin04,unisex,57,Andreamouth,Germany,Improve,Dinner history your Democrat activity anyone help. Upon professor job doctor standard sister.,People,Crime,30346,704,14 days
joelfischer,male,34,Nicholasland,Malta,Book,Tough even chair. Democratic to always real. Along know represent table. Sort college section four.,Place,Heavy,96596,832,8 days
joel24,unisex,78,West Christopherside,Bhutan,Agree,Television good full daughter a while. Admit when successful billion.,Whole,President,81031,24,9 days
novakrachel,unisex,41,New Sherrystad,Bouvet Island (Bouvetoya),Message,Her plan group ask value film nice. Memory realize of student in every north bad.,Standard,Industry,10244,136,9 days
davidhardin,unisex,24,Lake Rebeccaville,Bangladesh,Majority,Present couple investment money within.,State,Responsibility,91194,998,14 days
renee27,male,55,East Patriciaview,Panama,Born,Although fish growth audience. Candidate marriage fall cut common music magazine.,Check,Standard,37010,534,3 days
morrisyolanda,male,78,Cuevaston,Brazil,One,Operation debate war letter. Could next fish air.,Strategy,Admit,36110,483,7 days
rperez,female,46,Antoniofort,Yemen,Cell,Race unit quite. In meet several down central interesting trial.,Increase,Music,71447,933,3 days
jvalenzuela,male,31,Burgessberg,Syrian Arab Republic,Drive,Difference those rise send something magazine safe.,Actually,Involve,28403,727,8 days
kathy22,male,25,Hannahside,Slovenia,Teach,Mention run significant various water. Will walk manager action outside drop.,Effect,Partner,19657,576,2 days
gbowman,female,51,West Angelamouth,Kiribati,Another,Exactly laugh number would also TV. Leg road education teacher find.,Really,Minute,33265,394,1 days
lmcneil,female,57,Clairehaven,Malta,Be,Pick sort forget paper even. Mother cut dream appear.,Check,Follow,7024,518,10 days
irobinson,male,64,Lake Jose,Palau,Most,"Interview enter you add. Rest agree deep land pressure house.
Religious dream since base person.",Before,Could,71994,64,6 days
elliottvictoria,male,43,South Jacobmouth,Sri Lanka,Effort,Much effect set another project. Pattern enjoy continue fine.,Such,Group,49343,594,9 days
thompsonangela,unisex,42,Port Aaronfort,Guinea,Question,Bring turn impact run.,Role,Final,40459,354,9 days
jamiegarcia,male,29,Lawrenceburgh,Comoros,Center,Reveal than expect miss trial. Program attack threat officer. Quality large population peace.,Government,Already,13977,327,14 days
adamduncan,unisex,18,Briggsfurt,Saint Vincent and the Grenadines,What,Process lay majority or. Never another their account. Actually big little bring stay fact.,Debate,Television,38356,931,9 days
sanderscharles,unisex,75,East Markhaven,Swaziland,Anyone,By star pull office box. Leg maybe decision provide join in exactly. Seat after process since star.,Authority,Second,21040,28,10 days
qkoch,unisex,60,North Brettshire,Hong Kong,Ask,Development mouth eye garden fear strategy. Wind president low traditional.,Ok,Difficult,17984,58,9 days
hernandezashley,female,18,West Autumn,Netherlands Antilles,Represent,Sometimes exist successful front bar also end. Table director growth detail seem religious.,Plan,When,3187,367,12 days
mccarthygina,male,42,South Christineshire,Australia,Around,Real thank very sport amount. Against develop lot rock agent use.,Catch,Young,64514,969,12 days
andre33,unisex,44,South Alejandro,Eritrea,See,Reason lead Congress car watch. As against case. Family throw reach expert news wrong from glass.,Machine,Guess,41072,512,2 days
codyhernandez,female,75,South Bryce,Norfolk Island,School,Building four if indeed cup house learn about. Some wonder carry test.,Body,Game,68548,785,13 days
lambbrent,unisex,63,Diazfurt,Sao Tome and Principe,Activity,Yet may find pay instead your benefit.,Top,Alone,65194,137,10 days
dparsons,female,58,Karenland,Cook Islands,Explain,Never rise prove. Authority these role letter child get. Degree thus many although example.,Early,Building,58726,286,3 days
michael51,female,64,Franklinside,Cocos (Keeling) Islands,Down,Boy even social with. Recent reach upon notice our upon.,Grow,Ago,28248,138,14 days
stevenshaley,male,43,West Debbie,Bosnia and Herzegovina,Environment,Meeting fly find road firm wide. Consider big hundred recently early agent anyone though.,Study,White,61167,540,3 days
yflores,female,36,North Matthewmouth,Czech Republic,Value,Senior cut station half successful beautiful wind choose. Act which see test beautiful.,Move,Special,76817,476,5 days
rodgersjames,female,19,Port Barbara,Holy See (Vatican City State),Area,Performance garden want nation realize. Rate while behavior audience none consider.,Movement,Fear,45883,814,14 days
michelle90,unisex,71,North Brandonfurt,Eritrea,After,Allow TV walk recent those medical same.,Your,Floor,59845,148,6 days
carolgonzalez,unisex,52,South Joshua,Belarus,Money,College civil chair girl. Answer church culture write. Technology truth class its land cell.,Positive,World,91758,983,12 days
washingtonmarilyn,unisex,79,Rebeccaville,Barbados,Break,Business though glass people for. Social a up white sound particularly.,Special,Call,52709,267,8 days
ymiller,female,78,Lake Jeffreyside,Lao People's Democratic Republic,Carry,Security letter player issue.,Degree,Need,63273,180,14 days
lwalton,female,38,Meganville,San Marino,Hope,Gas hour scene glass result brother. Need enter us quality of. Writer capital huge trade.,Carry,Place,96637,82,8 days
racheladams,unisex,57,North Georgemouth,Palau,Save,Detail best American any direction. Just example family business talk movie herself.,Far,Professor,16255,441,12 days
kturner,female,48,Anthonybury,Palestinian Territory,Husband,Either rock late method growth summer.,Without,By,56850,604,12 days
smithbrian,male,77,East John,Papua New Guinea,Personal,Message theory send movie detail. Then early a ask thank. Discussion which suffer decade.,Difficult,Popular,4193,916,11 days
rjohnson,male,19,Port Andrea,Namibia,Rather,Anyone ten hard public. Knowledge seek reveal cell almost so. And detail quickly us number.,Window,Recognize,16861,65,4 days
katherine86,female,77,Campbelltown,Grenada,Raise,Admit day head total friend.,Next,Suddenly,8859,937,9 days
hurstmatthew,female,55,Maryfort,Jordan,Probably,Building more their report course.,Recently,Style,35356,35,14 days
shannon13,male,32,North Robertofurt,Monaco,Focus,Financial eat eye high receive east. Result focus across control authority series most.,Goal,Smile,44067,776,6 days
dkey,female,80,East Carl,Niger,Take,Tend majority high speech music beautiful west.,Message,Sort,8062,52,2 days
jacquelinerobbins,male,33,Port Jasonshire,Somalia,Short,National coach our. National or early bar important. Attention ahead party.,Each,Last,86658,218,13 days
diazjacqueline,female,31,South Eric,Sweden,Among,Grow field something. Series reason fall case majority world. Call make area few.,Medical,Several,21255,639,5 days
bbrown,unisex,57,East Michael,Guatemala,According,East require themselves possible interview happy. Television daughter me affect cost environment.,Between,Officer,90836,834,6 days
joshuascott,female,29,West Christinaburgh,Yemen,Here,Among effect tough listen. Much require player scene game.,Expect,Nothing,23286,466,14 days
christianlarry,unisex,50,East Alexandria,Thailand,Human,Smile machine policy. Quickly sing order music water. Rather leg attack international employee.,Bar,Choice,49548,828,13 days
barajasandrew,female,30,South Michael,Christmas Island,Face,Within adult have bring friend suggest. Pull group once watch accept daughter range.,Again,Single,89900,247,9 days
dylanfreeman,unisex,47,North Susanhaven,Samoa,Only,Ahead anyone eight son now. Say keep attorney side bank.,Positive,Common,4045,520,1 days
awiggins,male,68,Hahnburgh,Luxembourg,Teach,Score compare lose serious response. Without his it. Dinner fact along case through power watch.,Security,Floor,8089,551,2 days
john67,unisex,55,Kingburgh,Ireland,Because,Report hair if finish air. Real building similar mean side.,Rise,Responsibility,3681,491,8 days
browndeborah,female,39,Ernestville,Chile,Important,Family myself exactly. Time price forget their.,Save,Brother,10685,681,3 days
courtney95,male,53,Laurachester,Burundi,Industry,Open newspaper recent popular police government help. By everyone must benefit between she.,Manage,Treat,85996,501,5 days
robert36,male,68,South Sarahmouth,Saudi Arabia,Sort,Way professor describe. Why issue never animal. Arrive huge window lose lay successful.,Form,Collection,98936,415,6 days
mhammond,unisex,75,Newtonshire,Barbados,Meet,Doctor character seek situation view price. Enjoy stuff Mr three body morning key think.,Reflect,Evening,62926,83,1 days
sandra66,unisex,55,New Derek,Guinea,Smile,Couple travel his friend product protect. Though understand organization consider door race.,Poor,Wide,802,61,8 days
vasquezeric,male,27,New Michele,San Marino,He,Reveal yet we environmental letter animal. Father instead prove help prove lead manager.,Billion,Fight,43343,517,13 days
alialan,male,33,West Jenniferhaven,Cameroon,Buy,Arm then fire network wonder tonight.,Similar,Appear,93651,830,3 days
barbara81,male,27,West Annville,Isle of Man,Food,Bed nice force like child. Themselves action amount pull white.,Follow,Establish,13271,216,1 days
vtate,female,51,Jasonmouth,Kuwait,Go,"Security goal raise reach each out.
Serious hotel sing lead. Ground theory tree high owner.",Hundred,Enter,16587,831,7 days
christine76,female,71,Strongberg,Jordan,Out,North throw administration religious. Then program move exactly story father.,Others,Dream,51570,596,8 days
jacqueline92,unisex,56,Milesville,Guinea-Bissau,Employee,Anyone truth left behind.,Economy,Learn,27595,319,4 days
admin,unisex,56,Milesville,Guinea-Bissau,Employee,Anyone truth left behind.,Economy,Learn,27595,319,4 days
admin,unisex,56,Milesville,Guinea-Bissau,Employee,Anyone truth left behind.,Economy,Learn,27595,319,4 days
